"","month","concentration","year","contaminant"
"1","Jan",0.0459032258064516,2010,"OZONE"
"2","Feb",0.0484285714285714,2010,"OZONE"
"3","Mar",0.0551612903225806,2010,"OZONE"
"4","Apr",0.0595333333333333,2010,"OZONE"
"5","May",0.0611612903225806,2010,"OZONE"
"6","June",0.0714333333333333,2010,"OZONE"
"7","July",0.0725806451612903,2010,"OZONE"
"8","Aug",0.0694193548387097,2010,"OZONE"
"9","Sep",0.0693666666666667,2010,"OZONE"
"10","Oct",0.0543225806451613,2010,"OZONE"
"11","Nov",0.0481,2010,"OZONE"
"12","Dec",0.0451290322580645,2010,"OZONE"
"13","Jan1",0.047,2011,"OZONE"
"14","Feb1",0.0495357142857143,2011,"OZONE"
"15","Mar1",0.0535161290322581,2011,"OZONE"
"16","Apr1",0.0599666666666667,2011,"OZONE"
"17","May1",0.0635806451612903,2011,"OZONE"
"18","June1",0.0688333333333333,2011,"OZONE"
"19","July1",0.0704193548387097,2011,"OZONE"
"20","Aug1",0.073,2011,"OZONE"
"21","Sep1",0.0705,2011,"OZONE"
"22","Oct1",0.0595806451612903,2011,"OZONE"
"23","Nov1",0.0466666666666667,2011,"OZONE"
"24","Dec1",0.0440322580645161,2011,"OZONE"
"25","Jan2",0.043,2012,"OZONE"
"26","Feb2",0.0459655172413793,2012,"OZONE"
"27","Mar2",0.0529354838709677,2012,"OZONE"
"28","Apr2",0.0591666666666667,2012,"OZONE"
"29","May2",0.0710645161290323,2012,"OZONE"
"30","June2",0.0703333333333333,2012,"OZONE"
"31","July2",0.0703548387096774,2012,"OZONE"
"32","Aug2",0.0705483870967742,2012,"OZONE"
"33","Sep2",0.0673333333333333,2012,"OZONE"
"34","Oct2",0.0566774193548387,2012,"OZONE"
"35","Nov2",0.0477666666666667,2012,"OZONE"
"36","Dec2",0.0429354838709677,2012,"OZONE"
"37","Jan3",0.0439354838709677,2013,"OZONE"
"38","Feb3",0.0476785714285714,2013,"OZONE"
"39","Mar3",0.0535483870967742,2013,"OZONE"
"40","Apr3",0.0578666666666667,2013,"OZONE"
"41","May3",0.0646129032258065,2013,"OZONE"
"42","June3",0.0697666666666667,2013,"OZONE"
"43","July3",0.068258064516129,2013,"OZONE"
"44","Aug3",0.0659677419354839,2013,"OZONE"
"45","Sep3",0.0605,2013,"OZONE"
"46","Oct3",0.0588387096774194,2013,"OZONE"
"47","Nov3",0.0491,2013,"OZONE"
"48","Dec3",0.045741935483871,2013,"OZONE"
"49","Jan4",0.0508709677419355,2014,"OZONE"
"50","Feb4",0.0472142857142857,2014,"OZONE"
"51","Mar4",0.055741935483871,2014,"OZONE"
"52","Apr4",0.0648666666666667,2014,"OZONE"
"53","May4",0.0685161290322581,2014,"OZONE"
"54","June4",0.0749,2014,"OZONE"
"55","July4",0.0695483870967742,2014,"OZONE"
"56","Aug4",0.0703548387096774,2014,"OZONE"
"57","Sep4",0.0708666666666667,2014,"OZONE"
"58","Oct4",0.0629032258064516,2014,"OZONE"
"59","Nov4",0.0499333333333333,2014,"OZONE"
"60","Dec4",0.0409354838709677,2014,"OZONE"
"61","Jan5",0.043258064516129,2015,"OZONE"
"62","Feb5",0.0478571428571429,2015,"OZONE"
"63","Mar5",0.0545806451612903,2015,"OZONE"
"64","Apr5",0.0638,2015,"OZONE"
"65","May5",0.0623225806451613,2015,"OZONE"
"66","June5",0.0722,2015,"OZONE"
"67","July5",0.0604838709677419,2015,"OZONE"
"68","Aug5",0.064741935483871,2015,"OZONE"
"69","Sep5",0.0619,2015,"OZONE"
"70","Oct5",0.0559354838709677,2015,"OZONE"
"71","Nov5",0.0469333333333333,2015,"OZONE"
"72","Dec5",0.0417741935483871,2015,"OZONE"
"73","Jan6",0.0429354838709677,2016,"OZONE"
"74","Feb6",0.0527241379310345,2016,"OZONE"
"75","Mar6",0.0520645161290323,2016,"OZONE"
"76","Apr6",0.0562666666666667,2016,"OZONE"
"77","May6",0.0574193548387097,2016,"OZONE"
"78","June6",0.069,2016,"OZONE"
"79","July6",0.0748709677419355,2016,"OZONE"
"80","Aug6",0.0763870967741935,2016,"OZONE"
"81","Sep6",0.0641666666666667,2016,"OZONE"
"82","Oct6",0.0539677419354839,2016,"OZONE"
"83","Nov6",0.0488666666666667,2016,"OZONE"
"84","Dec6",0.0421935483870968,2016,"OZONE"
"85","Jan7",0.0449354838709677,2017,"OZONE"
"86","Feb7",0.0464642857142857,2017,"OZONE"
"87","Mar7",0.0541290322580645,2017,"OZONE"
"88","Apr7",0.0622666666666667,2017,"OZONE"
"89","May7",0.063,2017,"OZONE"
"90","June7",0.0713,2017,"OZONE"
"91","July7",0.0762258064516129,2017,"OZONE"
"92","Aug7",0.0673548387096774,2017,"OZONE"
"93","Sep7",0.0622666666666667,2017,"OZONE"
"94","Oct7",0.0632258064516129,2017,"OZONE"
"95","Nov7",0.0468666666666667,2017,"OZONE"
"96","Dec7",0.0476451612903226,2017,"OZONE"
"97","Jan8",0.0450967741935484,2018,"OZONE"
"98","Feb8",0.0497142857142857,2018,"OZONE"
"99","Mar8",0.050741935483871,2018,"OZONE"
"100","Apr8",0.063,2018,"OZONE"
"101","May8",0.0647741935483871,2018,"OZONE"
"102","June8",0.0726,2018,"OZONE"
"103","July8",0.070258064516129,2018,"OZONE"
"104","Aug8",0.0721612903225806,2018,"OZONE"
"105","Sep8",0.0645333333333333,2018,"OZONE"
"106","Oct8",0.0537741935483871,2018,"OZONE"
"107","Nov8",0.0506333333333333,2018,"OZONE"
"108","Dec8",0.0412903225806452,2018,"OZONE"
"109","Jan9",0.0421290322580645,2019,"OZONE"
"110","Feb9",0.0465,2019,"OZONE"
"111","Mar9",0.0506451612903226,2019,"OZONE"
"112","Apr9",0.0568333333333333,2019,"OZONE"
"113","May9",0.0558064516129032,2019,"OZONE"
"114","June9",0.0663,2019,"OZONE"
"115","July9",0.0670322580645161,2019,"OZONE"
"116","Aug9",0.0666451612903226,2019,"OZONE"
"117","Sep9",0.0595,2019,"OZONE"
"118","Oct9",0.0589354838709677,2019,"OZONE"
"119","Nov9",0.0544,2019,"OZONE"
"120","Dec9",0.0411290322580645,2019,"OZONE"
"121","Jan10",0.0431612903225806,2020,"OZONE"
"122","Feb10",0.0483793103448276,2020,"OZONE"
"123","Mar10",0.0483870967741935,2020,"OZONE"
"124","Apr10",0.0542333333333333,2020,"OZONE"
"125","May10",0.0629677419354839,2020,"OZONE"
"126","June10",0.0620666666666667,2020,"OZONE"
"127","July10",0.0675806451612903,2020,"OZONE"
"128","Aug10",0.0724516129032258,2020,"OZONE"
"129","Sep10",0.0683666666666667,2020,"OZONE"
"130","Oct10",0.064,2020,"OZONE"
"131","Nov10",0.0465333333333333,2020,"OZONE"
"132","Dec10",0.0441612903225806,2020,"OZONE"
"133","Jan11",0.0427741935483871,2021,"OZONE"
"134","Feb11",0.0472857142857143,2021,"OZONE"
"135","Mar11",0.0503548387096774,2021,"OZONE"
"136","Apr11",0.0567,2021,"OZONE"
"137","May11",0.0605806451612903,2021,"OZONE"
"138","June11",0.0668,2021,"OZONE"
"139","July11",0.0686451612903226,2021,"OZONE"
"140","Aug11",0.0723870967741936,2021,"OZONE"
"141","Sep11",0.0663666666666667,2021,"OZONE"
"142","Oct11",0.0530645161290323,2021,"OZONE"
"143","Nov11",0.0479,2021,"OZONE"
"144","Dec11",0.0434838709677419,2021,"OZONE"
"145","Jan12",0.0464193548387097,2022,"OZONE"
"146","Feb12",0.0500357142857143,2022,"OZONE"
"147","Mar12",0.0518709677419355,2022,"OZONE"
"148","Apr12",0.0569,2022,"OZONE"
"149","May12",0.0628387096774193,2022,"OZONE"
"150","June12",0.0655,2022,"OZONE"
"151","July12",0.0652258064516129,2022,"OZONE"
"152","Aug12",0.064741935483871,2022,"OZONE"
"153","Sep12",0.0582666666666667,2022,"OZONE"
"154","Oct12",0.0575161290322581,2022,"OZONE"
"155","Nov12",0.0439411764705882,2022,"OZONE"
"156","Dec12",NA,2022,"OZONE"
"157","Jan13",0.175354838709677,2010,"NOX"
"158","Feb13",0.101321428571429,2010,"NOX"
"159","Mar13",0.0682258064516129,2010,"NOX"
"160","Apr13",0.0446,2010,"NOX"
"161","May13",0.0386774193548387,2010,"NOX"
"162","June13",0.0378,2010,"NOX"
"163","July13",0.0395806451612903,2010,"NOX"
"164","Aug13",0.0530645161290323,2010,"NOX"
"165","Sep13",0.0693,2010,"NOX"
"166","Oct13",0.0694516129032258,2010,"NOX"
"167","Nov13",0.1199,2010,"NOX"
"168","Dec13",0.11958064516129,2010,"NOX"
"169","Jan14",0.153322580645161,2011,"NOX"
"170","Feb14",0.0923214285714286,2011,"NOX"
"171","Mar14",0.0638709677419355,2011,"NOX"
"172","Apr14",0.0389,2011,"NOX"
"173","May14",0.0335161290322581,2011,"NOX"
"174","June14",0.035,2011,"NOX"
"175","July14",0.0307096774193548,2011,"NOX"
"176","Aug14",0.0443225806451613,2011,"NOX"
"177","Sep14",0.0593333333333333,2011,"NOX"
"178","Oct14",0.0911935483870968,2011,"NOX"
"179","Nov14",0.102166666666667,2011,"NOX"
"180","Dec14",0.134903225806452,2011,"NOX"
"181","Jan15",0.20341935483871,2012,"NOX"
"182","Feb15",0.0924827586206897,2012,"NOX"
"183","Mar15",0.0668709677419355,2012,"NOX"
"184","Apr15",0.0415,2012,"NOX"
"185","May15",0.0290322580645161,2012,"NOX"
"186","June15",0.0284666666666667,2012,"NOX"
"187","July15",0.0347741935483871,2012,"NOX"
"188","Aug15",0.0379354838709677,2012,"NOX"
"189","Sep15",0.049,2012,"NOX"
"190","Oct15",0.0826129032258065,2012,"NOX"
"191","Nov15",0.128966666666667,2012,"NOX"
"192","Dec15",0.106032258064516,2012,"NOX"
"193","Jan16",0.10741935483871,2013,"NOX"
"194","Feb16",0.0730357142857143,2013,"NOX"
"195","Mar16",0.0489677419354839,2013,"NOX"
"196","Apr16",0.0337333333333333,2013,"NOX"
"197","May16",0.0256451612903226,2013,"NOX"
"198","June16",0.0274,2013,"NOX"
"199","July16",0.0326451612903226,2013,"NOX"
"200","Aug16",0.0384838709677419,2013,"NOX"
"201","Sep16",0.0414333333333333,2013,"NOX"
"202","Oct16",0.0586129032258065,2013,"NOX"
"203","Nov16",0.0795,2013,"NOX"
"204","Dec16",0.114677419354839,2013,"NOX"
"205","Jan17",0.125322580645161,2014,"NOX"
"206","Feb17",0.0706785714285714,2014,"NOX"
"207","Mar17",0.0541612903225806,2014,"NOX"
"208","Apr17",0.0540666666666667,2014,"NOX"
"209","May17",0.0476774193548387,2014,"NOX"
"210","June17",0.0451333333333333,2014,"NOX"
"211","July17",0.044,2014,"NOX"
"212","Aug17",0.0435483870967742,2014,"NOX"
"213","Sep17",0.0497333333333333,2014,"NOX"
"214","Oct17",0.0609032258064516,2014,"NOX"
"215","Nov17",0.0790333333333333,2014,"NOX"
"216","Dec17",0.0772903225806452,2014,"NOX"
"217","Jan18",0.107516129032258,2015,"NOX"
"218","Feb18",0.0785357142857143,2015,"NOX"
"219","Mar18",0.0786774193548387,2015,"NOX"
"220","Apr18",0.0586333333333333,2015,"NOX"
"221","May18",0.0458064516129032,2015,"NOX"
"222","June18",0.0515666666666667,2015,"NOX"
"223","July18",0.0449677419354839,2015,"NOX"
"224","Aug18",0.0618387096774194,2015,"NOX"
"225","Sep18",0.0663666666666667,2015,"NOX"
"226","Oct18",0.0826451612903226,2015,"NOX"
"227","Nov18",0.0964666666666667,2015,"NOX"
"228","Dec18",0.111967741935484,2015,"NOX"
"229","Jan19",0.0938709677419355,2016,"NOX"
"230","Feb19",0.104827586206897,2016,"NOX"
"231","Mar19",0.0698709677419355,2016,"NOX"
"232","Apr19",0.0572,2016,"NOX"
"233","May19",0.0458709677419355,2016,"NOX"
"234","June19",0.0528,2016,"NOX"
"235","July19",0.0492903225806452,2016,"NOX"
"236","Aug19",0.0554193548387097,2016,"NOX"
"237","Sep19",0.0635666666666667,2016,"NOX"
"238","Oct19",0.0753870967741935,2016,"NOX"
"239","Nov19",0.0989666666666667,2016,"NOX"
"240","Dec19",0.0953548387096774,2016,"NOX"
"241","Jan20",0.0883548387096774,2017,"NOX"
"242","Feb20",0.0693928571428571,2017,"NOX"
"243","Mar20",0.0708064516129032,2017,"NOX"
"244","Apr20",0.0566666666666667,2017,"NOX"
"245","May20",0.0522903225806452,2017,"NOX"
"246","June20",0.0577333333333333,2017,"NOX"
"247","July20",0.0504838709677419,2017,"NOX"
"248","Aug20",0.055,2017,"NOX"
"249","Sep20",0.0579333333333333,2017,"NOX"
"250","Oct20",0.0815161290322581,2017,"NOX"
"251","Nov20",0.0929666666666667,2017,"NOX"
"252","Dec20",0.145774193548387,2017,"NOX"
"253","Jan21",0.108193548387097,2018,"NOX"
"254","Feb21",0.0845,2018,"NOX"
"255","Mar21",0.0646774193548387,2018,"NOX"
"256","Apr21",0.0559,2018,"NOX"
"257","May21",0.0490967741935484,2018,"NOX"
"258","June21",0.0538666666666667,2018,"NOX"
"259","July21",0.0495161290322581,2018,"NOX"
"260","Aug21",0.0485806451612903,2018,"NOX"
"261","Sep21",0.0564,2018,"NOX"
"262","Oct21",0.069,2018,"NOX"
"263","Nov21",0.0949,2018,"NOX"
"264","Dec21",0.103096774193548,2018,"NOX"
"265","Jan22",0.0971612903225806,2019,"NOX"
"266","Feb22",0.0680714285714286,2019,"NOX"
"267","Mar22",0.0582903225806452,2019,"NOX"
"268","Apr22",0.0518333333333333,2019,"NOX"
"269","May22",0.0477096774193548,2019,"NOX"
"270","June22",0.0452666666666667,2019,"NOX"
"271","July22",0.0497096774193548,2019,"NOX"
"272","Aug22",0.053,2019,"NOX"
"273","Sep22",0.0503333333333333,2019,"NOX"
"274","Oct22",0.0786774193548387,2019,"NOX"
"275","Nov22",0.0886666666666667,2019,"NOX"
"276","Dec22",0.091258064516129,2019,"NOX"
"277","Jan23",0.0958387096774194,2020,"NOX"
"278","Feb23",0.0782758620689655,2020,"NOX"
"279","Mar23",0.052741935483871,2020,"NOX"
"280","Apr23",0.0454,2020,"NOX"
"281","May23",0.0404193548387097,2020,"NOX"
"282","June23",0.0397,2020,"NOX"
"283","July23",0.0455483870967742,2020,"NOX"
"284","Aug23",0.0506129032258065,2020,"NOX"
"285","Sep23",0.0709,2020,"NOX"
"286","Oct23",0.0718709677419355,2020,"NOX"
"287","Nov23",0.0954666666666667,2020,"NOX"
"288","Dec23",0.117483870967742,2020,"NOX"
"289","Jan24",0.0876451612903226,2021,"NOX"
"290","Feb24",0.0788571428571429,2021,"NOX"
"291","Mar24",0.0609032258064516,2021,"NOX"
"292","Apr24",0.0556,2021,"NOX"
"293","May24",0.044258064516129,2021,"NOX"
"294","June24",0.0490333333333333,2021,"NOX"
"295","July24",0.0473225806451613,2021,"NOX"
"296","Aug24",0.0524193548387097,2021,"NOX"
"297","Sep24",0.0591666666666667,2021,"NOX"
"298","Oct24",0.0765161290322581,2021,"NOX"
"299","Nov24",0.103866666666667,2021,"NOX"
"300","Dec24",0.0933870967741935,2021,"NOX"
"301","Jan25",0.106677419354839,2022,"NOX"
"302","Feb25",0.107321428571429,2022,"NOX"
"303","Mar25",0.0726774193548387,2022,"NOX"
"304","Apr25",0.0550333333333333,2022,"NOX"
"305","May25",0.0454516129032258,2022,"NOX"
"306","June25",0.0481,2022,"NOX"
"307","July25",0.0433548387096774,2022,"NOX"
"308","Aug25",0.0533870967741936,2022,"NOX"
"309","Sep25",0.0549666666666667,2022,"NOX"
"310","Oct25",0.0588387096774194,2022,"NOX"
"311","Nov25",0.0775882352941177,2022,"NOX"
"312","Dec25",NA,2022,"NOX"
"313","Jan26",1.87335483870968,2010,"CO"
"314","Feb26",1.44571428571429,2010,"CO"
"315","Mar26",1.07029032258065,2010,"CO"
"316","Apr26",0.967833333333333,2010,"CO"
"317","May26",1.05196774193548,2010,"CO"
"318","June26",0.8989,2010,"CO"
"319","July26",1.04145161290323,2010,"CO"
"320","Aug26",1.03825806451613,2010,"CO"
"321","Sep26",1.20716666666667,2010,"CO"
"322","Oct26",1.18712903225806,2010,"CO"
"323","Nov26",1.50893333333333,2010,"CO"
"324","Dec26",2.08535483870968,2010,"CO"
"325","Jan27",1.67703225806452,2011,"CO"
"326","Feb27",1.216,2011,"CO"
"327","Mar27",1.31316129032258,2011,"CO"
"328","Apr27",1.23416666666667,2011,"CO"
"329","May27",1.27532258064516,2011,"CO"
"330","June27",0.942133333333333,2011,"CO"
"331","July27",1.32525806451613,2011,"CO"
"332","Aug27",1.3471935483871,2011,"CO"
"333","Sep27",1.9112,2011,"CO"
"334","Oct27",2.85990322580645,2011,"CO"
"335","Nov27",4.3223,2011,"CO"
"336","Dec27",5.83141935483871,2011,"CO"
"337","Jan28",1.49151612903226,2012,"CO"
"338","Feb28",0.896068965517241,2012,"CO"
"339","Mar28",0.872225806451613,2012,"CO"
"340","Apr28",0.8975,2012,"CO"
"341","May28",0.720967741935484,2012,"CO"
"342","June28",0.6036,2012,"CO"
"343","July28",0.557548387096774,2012,"CO"
"344","Aug28",0.625870967741936,2012,"CO"
"345","Sep28",0.758266666666667,2012,"CO"
"346","Oct28",0.887225806451613,2012,"CO"
"347","Nov28",1.1405,2012,"CO"
"348","Dec28",1.36690322580645,2012,"CO"
"349","Jan29",1.47874193548387,2013,"CO"
"350","Feb29",1.20839285714286,2013,"CO"
"351","Mar29",1.00370967741935,2013,"CO"
"352","Apr29",0.677466666666667,2013,"CO"
"353","May29",0.60358064516129,2013,"CO"
"354","June29",0.5837,2013,"CO"
"355","July29",0.624516129032258,2013,"CO"
"356","Aug29",0.673193548387097,2013,"CO"
"357","Sep29",0.7112,2013,"CO"
"358","Oct29",0.819290322580645,2013,"CO"
"359","Nov29",1.0426,2013,"CO"
"360","Dec29",1.35767741935484,2013,"CO"
"361","Jan30",1.87654838709677,2014,"CO"
"362","Feb30",0.859178571428571,2014,"CO"
"363","Mar30",0.649129032258065,2014,"CO"
"364","Apr30",0.597766666666667,2014,"CO"
"365","May30",0.598483870967742,2014,"CO"
"366","June30",0.718966666666667,2014,"CO"
"367","July30",0.567709677419355,2014,"CO"
"368","Aug30",0.51358064516129,2014,"CO"
"369","Sep30",0.638233333333333,2014,"CO"
"370","Oct30",1.73703225806452,2014,"CO"
"371","Nov30",1.1678,2014,"CO"
"372","Dec30",1.02554838709677,2014,"CO"
"373","Jan31",1.43093548387097,2015,"CO"
"374","Feb31",1.23189285714286,2015,"CO"
"375","Mar31",0.971483870967742,2015,"CO"
"376","Apr31",0.8375,2015,"CO"
"377","May31",0.827774193548387,2015,"CO"
"378","June31",0.752533333333333,2015,"CO"
"379","July31",0.732032258064516,2015,"CO"
"380","Aug31",0.958096774193548,2015,"CO"
"381","Sep31",0.815233333333333,2015,"CO"
"382","Oct31",1.02429032258065,2015,"CO"
"383","Nov31",1.07743333333333,2015,"CO"
"384","Dec31",1.27054838709677,2015,"CO"
"385","Jan32",1.13158064516129,2016,"CO"
"386","Feb32",1.29865517241379,2016,"CO"
"387","Mar32",0.946741935483871,2016,"CO"
"388","Apr32",0.751066666666667,2016,"CO"
"389","May32",0.627516129032258,2016,"CO"
"390","June32",0.8735,2016,"CO"
"391","July32",0.786354838709677,2016,"CO"
"392","Aug32",0.734290322580645,2016,"CO"
"393","Sep32",0.912133333333333,2016,"CO"
"394","Oct32",1.14451612903226,2016,"CO"
"395","Nov32",1.0205,2016,"CO"
"396","Dec32",1.11603225806452,2016,"CO"
"397","Jan33",1.06348387096774,2017,"CO"
"398","Feb33",0.828321428571429,2017,"CO"
"399","Mar33",0.984741935483871,2017,"CO"
"400","Apr33",0.6876,2017,"CO"
"401","May33",0.712645161290323,2017,"CO"
"402","June33",0.843133333333333,2017,"CO"
"403","July33",0.768677419354839,2017,"CO"
"404","Aug33",0.864387096774194,2017,"CO"
"405","Sep33",0.972433333333333,2017,"CO"
"406","Oct33",1.18258064516129,2017,"CO"
"407","Nov33",1.09476666666667,2017,"CO"
"408","Dec33",1.53238709677419,2017,"CO"
"409","Jan34",1.17603225806452,2018,"CO"
"410","Feb34",1.02496428571429,2018,"CO"
"411","Mar34",0.811677419354839,2018,"CO"
"412","Apr34",0.7934,2018,"CO"
"413","May34",0.786935483870968,2018,"CO"
"414","June34",0.632933333333333,2018,"CO"
"415","July34",0.759096774193548,2018,"CO"
"416","Aug34",0.653677419354839,2018,"CO"
"417","Sep34",0.6518,2018,"CO"
"418","Oct34",0.738612903225806,2018,"CO"
"419","Nov34",1.38743333333333,2018,"CO"
"420","Dec34",1.0678064516129,2018,"CO"
"421","Jan35",0.952709677419355,2019,"CO"
"422","Feb35",0.695285714285714,2019,"CO"
"423","Mar35",0.654258064516129,2019,"CO"
"424","Apr35",0.619,2019,"CO"
"425","May35",0.545709677419355,2019,"CO"
"426","June35",0.596633333333333,2019,"CO"
"427","July35",0.548,2019,"CO"
"428","Aug35",0.586806451612903,2019,"CO"
"429","Sep35",0.6186,2019,"CO"
"430","Oct35",0.762322580645161,2019,"CO"
"431","Nov35",0.949066666666667,2019,"CO"
"432","Dec35",0.95558064516129,2019,"CO"
"433","Jan36",0.994225806451613,2020,"CO"
"434","Feb36",0.77951724137931,2020,"CO"
"435","Mar36",0.546709677419355,2020,"CO"
"436","Apr36",0.502133333333333,2020,"CO"
"437","May36",0.475903225806452,2020,"CO"
"438","June36",0.545966666666667,2020,"CO"
"439","July36",0.509548387096774,2020,"CO"
"440","Aug36",0.729193548387097,2020,"CO"
"441","Sep36",1.00726666666667,2020,"CO"
"442","Oct36",0.932967741935484,2020,"CO"
"443","Nov36",0.957233333333333,2020,"CO"
"444","Dec36",1.19370967741935,2020,"CO"
"445","Jan37",0.952516129032258,2021,"CO"
"446","Feb37",0.745428571428571,2021,"CO"
"447","Mar37",0.623483870967742,2021,"CO"
"448","Apr37",0.662066666666667,2021,"CO"
"449","May37",0.678,2021,"CO"
"450","June37",0.5011,2021,"CO"
"451","July37",0.557645161290323,2021,"CO"
"452","Aug37",0.70458064516129,2021,"CO"
"453","Sep37",0.794433333333333,2021,"CO"
"454","Oct37",0.809064516129032,2021,"CO"
"455","Nov37",0.998533333333333,2021,"CO"
"456","Dec37",0.954096774193548,2021,"CO"
"457","Jan38",1.04045161290323,2022,"CO"
"458","Feb38",0.909,2022,"CO"
"459","Mar38",0.643387096774194,2022,"CO"
"460","Apr38",0.603266666666667,2022,"CO"
"461","May38",0.570838709677419,2022,"CO"
"462","June38",0.529966666666667,2022,"CO"
"463","July38",0.567548387096774,2022,"CO"
"464","Aug38",0.654903225806452,2022,"CO"
"465","Sep38",0.730866666666667,2022,"CO"
"466","Oct38",0.618258064516129,2022,"CO"
"467","Nov38",0.667941176470588,2022,"CO"
"468","Dec38",NA,2022,"CO"
"469","Jan39",0.0377096774193548,2010,"NO2"
"470","Feb39",0.0328928571428571,2010,"NO2"
"471","Mar39",0.0301612903225806,2010,"NO2"
"472","Apr39",0.0246666666666667,2010,"NO2"
"473","May39",0.0239354838709677,2010,"NO2"
"474","June39",0.0260333333333333,2010,"NO2"
"475","July39",0.0275483870967742,2010,"NO2"
"476","Aug39",0.0331935483870968,2010,"NO2"
"477","Sep39",0.0352666666666667,2010,"NO2"
"478","Oct39",0.0297096774193548,2010,"NO2"
"479","Nov39",0.0342666666666667,2010,"NO2"
"480","Dec39",0.0343225806451613,2010,"NO2"
"481","Jan40",0.0400322580645161,2011,"NO2"
"482","Feb40",0.0310357142857143,2011,"NO2"
"483","Mar40",0.0286451612903226,2011,"NO2"
"484","Apr40",0.0223,2011,"NO2"
"485","May40",0.020741935483871,2011,"NO2"
"486","June40",0.0262333333333333,2011,"NO2"
"487","July40",0.0220322580645161,2011,"NO2"
"488","Aug40",0.0284838709677419,2011,"NO2"
"489","Sep40",0.0314,2011,"NO2"
"490","Oct40",0.0333870967741935,2011,"NO2"
"491","Nov40",0.0328666666666667,2011,"NO2"
"492","Dec40",0.0383548387096774,2011,"NO2"
"493","Jan41",0.0416774193548387,2012,"NO2"
"494","Feb41",0.0316896551724138,2012,"NO2"
"495","Mar41",0.0283225806451613,2012,"NO2"
"496","Apr41",0.0237,2012,"NO2"
"497","May41",0.0212903225806452,2012,"NO2"
"498","June41",0.0204,2012,"NO2"
"499","July41",0.0236451612903226,2012,"NO2"
"500","Aug41",0.0258387096774194,2012,"NO2"
"501","Sep41",0.0294333333333333,2012,"NO2"
"502","Oct41",0.0305161290322581,2012,"NO2"
"503","Nov41",0.0412666666666667,2012,"NO2"
"504","Dec41",0.0295806451612903,2012,"NO2"
"505","Jan42",0.0357096774193548,2013,"NO2"
"506","Feb42",0.0311071428571429,2013,"NO2"
"507","Mar42",0.0272903225806452,2013,"NO2"
"508","Apr42",0.0202,2013,"NO2"
"509","May42",0.0190322580645161,2013,"NO2"
"510","June42",0.0207,2013,"NO2"
"511","July42",0.0232258064516129,2013,"NO2"
"512","Aug42",0.0256774193548387,2013,"NO2"
"513","Sep42",0.0256666666666667,2013,"NO2"
"514","Oct42",0.0305483870967742,2013,"NO2"
"515","Nov42",0.0337333333333333,2013,"NO2"
"516","Dec42",0.0382258064516129,2013,"NO2"
"517","Jan43",0.046,2014,"NO2"
"518","Feb43",0.032,2014,"NO2"
"519","Mar43",0.027258064516129,2014,"NO2"
"520","Apr43",0.0289666666666667,2014,"NO2"
"521","May43",0.0259032258064516,2014,"NO2"
"522","June43",0.0231,2014,"NO2"
"523","July43",0.0217096774193548,2014,"NO2"
"524","Aug43",0.0221612903225806,2014,"NO2"
"525","Sep43",0.0255333333333333,2014,"NO2"
"526","Oct43",0.0324838709677419,2014,"NO2"
"527","Nov43",0.0331333333333333,2014,"NO2"
"528","Dec43",0.029258064516129,2014,"NO2"
"529","Jan44",0.0368387096774194,2015,"NO2"
"530","Feb44",0.0360357142857143,2015,"NO2"
"531","Mar44",0.0366451612903226,2015,"NO2"
"532","Apr44",0.0332333333333333,2015,"NO2"
"533","May44",0.026,2015,"NO2"
"534","June44",0.0304,2015,"NO2"
"535","July44",0.0233870967741935,2015,"NO2"
"536","Aug44",0.0334193548387097,2015,"NO2"
"537","Sep44",0.0355333333333333,2015,"NO2"
"538","Oct44",0.0374193548387097,2015,"NO2"
"539","Nov44",0.0395666666666667,2015,"NO2"
"540","Dec44",0.0388387096774194,2015,"NO2"
"541","Jan45",0.0366129032258065,2016,"NO2"
"542","Feb45",0.0441034482758621,2016,"NO2"
"543","Mar45",0.0348064516129032,2016,"NO2"
"544","Apr45",0.0313,2016,"NO2"
"545","May45",0.024741935483871,2016,"NO2"
"546","June45",0.0302,2016,"NO2"
"547","July45",0.028,2016,"NO2"
"548","Aug45",0.0313225806451613,2016,"NO2"
"549","Sep45",0.0401666666666667,2016,"NO2"
"550","Oct45",0.0347096774193548,2016,"NO2"
"551","Nov45",0.0396333333333333,2016,"NO2"
"552","Dec45",0.0345806451612903,2016,"NO2"
"553","Jan46",0.0337741935483871,2017,"NO2"
"554","Feb46",0.0305,2017,"NO2"
"555","Mar46",0.0353225806451613,2017,"NO2"
"556","Apr46",0.0308666666666667,2017,"NO2"
"557","May46",0.0284516129032258,2017,"NO2"
"558","June46",0.0306,2017,"NO2"
"559","July46",0.0286129032258065,2017,"NO2"
"560","Aug46",0.0334516129032258,2017,"NO2"
"561","Sep46",0.0326,2017,"NO2"
"562","Oct46",0.0404516129032258,2017,"NO2"
"563","Nov46",0.0401,2017,"NO2"
"564","Dec46",0.0489677419354839,2017,"NO2"
"565","Jan47",0.0448064516129032,2018,"NO2"
"566","Feb47",0.03825,2018,"NO2"
"567","Mar47",0.0315161290322581,2018,"NO2"
"568","Apr47",0.0309333333333333,2018,"NO2"
"569","May47",0.0260322580645161,2018,"NO2"
"570","June47",0.0277666666666667,2018,"NO2"
"571","July47",0.0265483870967742,2018,"NO2"
"572","Aug47",0.0279032258064516,2018,"NO2"
"573","Sep47",0.0318,2018,"NO2"
"574","Oct47",0.0323225806451613,2018,"NO2"
"575","Nov47",0.04,2018,"NO2"
"576","Dec47",0.0367741935483871,2018,"NO2"
"577","Jan48",0.0368064516129032,2019,"NO2"
"578","Feb48",0.0313928571428571,2019,"NO2"
"579","Mar48",0.0283548387096774,2019,"NO2"
"580","Apr48",0.0285333333333333,2019,"NO2"
"581","May48",0.0254193548387097,2019,"NO2"
"582","June48",0.0267666666666667,2019,"NO2"
"583","July48",0.0290967741935484,2019,"NO2"
"584","Aug48",0.0304516129032258,2019,"NO2"
"585","Sep48",0.0287,2019,"NO2"
"586","Oct48",0.0395161290322581,2019,"NO2"
"587","Nov48",0.0393666666666667,2019,"NO2"
"588","Dec48",0.0326129032258065,2019,"NO2"
"589","Jan49",0.0352903225806452,2020,"NO2"
"590","Feb49",0.034448275862069,2020,"NO2"
"591","Mar49",0.0262258064516129,2020,"NO2"
"592","Apr49",0.0247666666666667,2020,"NO2"
"593","May49",0.024,2020,"NO2"
"594","June49",0.0236333333333333,2020,"NO2"
"595","July49",0.0281612903225806,2020,"NO2"
"596","Aug49",0.0295806451612903,2020,"NO2"
"597","Sep49",0.0404666666666667,2020,"NO2"
"598","Oct49",0.0404516129032258,2020,"NO2"
"599","Nov49",0.0391333333333333,2020,"NO2"
"600","Dec49",0.0403225806451613,2020,"NO2"
"601","Jan50",0.0338387096774194,2021,"NO2"
"602","Feb50",0.03475,2021,"NO2"
"603","Mar50",0.0306774193548387,2021,"NO2"
"604","Apr50",0.0307666666666667,2021,"NO2"
"605","May50",0.0256774193548387,2021,"NO2"
"606","June50",0.0280666666666667,2021,"NO2"
"607","July50",0.0282903225806452,2021,"NO2"
"608","Aug50",0.0307741935483871,2021,"NO2"
"609","Sep50",0.0337333333333333,2021,"NO2"
"610","Oct50",0.0349677419354839,2021,"NO2"
"611","Nov50",0.0435,2021,"NO2"
"612","Dec50",0.0358709677419355,2021,"NO2"
"613","Jan51",0.0399677419354839,2022,"NO2"
"614","Feb51",0.0408214285714286,2022,"NO2"
"615","Mar51",0.034258064516129,2022,"NO2"
"616","Apr51",0.0296333333333333,2022,"NO2"
"617","May51",0.026,2022,"NO2"
"618","June51",0.0279,2022,"NO2"
"619","July51",0.0240645161290323,2022,"NO2"
"620","Aug51",0.0286774193548387,2022,"NO2"
"621","Sep51",0.0297,2022,"NO2"
"622","Oct51",0.0313870967741935,2022,"NO2"
"623","Nov51",0.031,2022,"NO2"
"624","Dec51",NA,2022,"NO2"
"625","Jan52",0.149096774193548,2010,"NO"
"626","Feb52",0.0702857142857143,2010,"NO"
"627","Mar52",0.0445483870967742,2010,"NO"
"628","Apr52",0.0222333333333333,2010,"NO"
"629","May52",0.0177096774193548,2010,"NO"
"630","June52",0.0161666666666667,2010,"NO"
"631","July52",0.0158709677419355,2010,"NO"
"632","Aug52",0.0216774193548387,2010,"NO"
"633","Sep52",0.0385666666666667,2010,"NO"
"634","Oct52",0.0426774193548387,2010,"NO"
"635","Nov52",0.0903,2010,"NO"
"636","Dec52",0.090741935483871,2010,"NO"
"637","Jan53",0.121354838709677,2011,"NO"
"638","Feb53",0.0653214285714286,2011,"NO"
"639","Mar53",0.0382258064516129,2011,"NO"
"640","Apr53",0.0205333333333333,2011,"NO"
"641","May53",0.0154516129032258,2011,"NO"
"642","June53",0.0102333333333333,2011,"NO"
"643","July53",0.0128709677419355,2011,"NO"
"644","Aug53",0.0184193548387097,2011,"NO"
"645","Sep53",0.0334333333333333,2011,"NO"
"646","Oct53",0.0663548387096774,2011,"NO"
"647","Nov53",0.0776,2011,"NO"
"648","Dec53",0.101612903225806,2011,"NO"
"649","Jan54",0.180806451612903,2012,"NO"
"650","Feb54",0.0649655172413793,2012,"NO"
"651","Mar54",0.0399354838709677,2012,"NO"
"652","Apr54",0.0207666666666667,2012,"NO"
"653","May54",0.00954838709677419,2012,"NO"
"654","June54",0.0107333333333333,2012,"NO"
"655","July54",0.0137096774193548,2012,"NO"
"656","Aug54",0.0153870967741935,2012,"NO"
"657","Sep54",0.0254666666666667,2012,"NO"
"658","Oct54",0.0571290322580645,2012,"NO"
"659","Nov54",0.101266666666667,2012,"NO"
"660","Dec54",0.0808064516129032,2012,"NO"
"661","Jan55",0.0766129032258065,2013,"NO"
"662","Feb55",0.0451428571428571,2013,"NO"
"663","Mar55",0.0267741935483871,2013,"NO"
"664","Apr55",0.0195,2013,"NO"
"665","May55",0.00909677419354839,2013,"NO"
"666","June55",0.00886666666666667,2013,"NO"
"667","July55",0.0103870967741935,2013,"NO"
"668","Aug55",0.0138709677419355,2013,"NO"
"669","Sep55",0.0180666666666667,2013,"NO"
"670","Oct55",0.0321290322580645,2013,"NO"
"671","Nov55",0.0502,2013,"NO"
"672","Dec55",0.0821935483870968,2013,"NO"
"673","Jan56",0.0850322580645161,2014,"NO"
"674","Feb56",0.0415714285714286,2014,"NO"
"675","Mar56",0.0278709677419355,2014,"NO"
"676","Apr56",0.0254,2014,"NO"
"677","May56",0.021741935483871,2014,"NO"
"678","June56",0.0220666666666667,2014,"NO"
"679","July56",0.0234838709677419,2014,"NO"
"680","Aug56",0.0223225806451613,2014,"NO"
"681","Sep56",0.0245666666666667,2014,"NO"
"682","Oct56",0.0316129032258065,2014,"NO"
"683","Nov56",0.049,2014,"NO"
"684","Dec56",0.0515161290322581,2014,"NO"
"685","Jan57",0.0729032258064516,2015,"NO"
"686","Feb57",0.04575,2015,"NO"
"687","Mar57",0.043,2015,"NO"
"688","Apr57",0.0262,2015,"NO"
"689","May57",0.0205161290322581,2015,"NO"
"690","June57",0.0222666666666667,2015,"NO"
"691","July57",0.0227096774193548,2015,"NO"
"692","Aug57",0.0289677419354839,2015,"NO"
"693","Sep57",0.0315333333333333,2015,"NO"
"694","Oct57",0.0511290322580645,2015,"NO"
"695","Nov57",0.0593,2015,"NO"
"696","Dec57",0.0745806451612903,2015,"NO"
"697","Jan58",0.0591290322580645,2016,"NO"
"698","Feb58",0.0633793103448276,2016,"NO"
"699","Mar58",0.0362258064516129,2016,"NO"
"700","Apr58",0.0264,2016,"NO"
"701","May58",0.0218387096774194,2016,"NO"
"702","June58",0.0233333333333333,2016,"NO"
"703","July58",0.0221290322580645,2016,"NO"
"704","Aug58",0.0250645161290323,2016,"NO"
"705","Sep58",0.0289,2016,"NO"
"706","Oct58",0.0424193548387097,2016,"NO"
"707","Nov58",0.0613666666666667,2016,"NO"
"708","Dec58",0.062741935483871,2016,"NO"
"709","Jan59",0.0556774193548387,2017,"NO"
"710","Feb59",0.0402142857142857,2017,"NO"
"711","Mar59",0.0365161290322581,2017,"NO"
"712","Apr59",0.0263,2017,"NO"
"713","May59",0.0244193548387097,2017,"NO"
"714","June59",0.0279666666666667,2017,"NO"
"715","July59",0.0229354838709677,2017,"NO"
"716","Aug59",0.0226451612903226,2017,"NO"
"717","Sep59",0.0264333333333333,2017,"NO"
"718","Oct59",0.0436774193548387,2017,"NO"
"719","Nov59",0.0558,2017,"NO"
"720","Dec59",0.0993225806451613,2017,"NO"
"721","Jan60",0.0666129032258065,2018,"NO"
"722","Feb60",0.0491428571428571,2018,"NO"
"723","Mar60",0.0340645161290323,2018,"NO"
"724","Apr60",0.0252666666666667,2018,"NO"
"725","May60",0.0252903225806452,2018,"NO"
"726","June60",0.0312333333333333,2018,"NO"
"727","July60",0.0282258064516129,2018,"NO"
"728","Aug60",0.0237096774193548,2018,"NO"
"729","Sep60",0.0256333333333333,2018,"NO"
"730","Oct60",0.0380645161290323,2018,"NO"
"731","Nov60",0.0586666666666667,2018,"NO"
"732","Dec60",0.0679677419354839,2018,"NO"
"733","Jan61",0.0617741935483871,2019,"NO"
"734","Feb61",0.0385714285714286,2019,"NO"
"735","Mar61",0.0333548387096774,2019,"NO"
"736","Apr61",0.0241,2019,"NO"
"737","May61",0.0224516129032258,2019,"NO"
"738","June61",0.0195666666666667,2019,"NO"
"739","July61",0.0229677419354839,2019,"NO"
"740","Aug61",0.0230322580645161,2019,"NO"
"741","Sep61",0.0236333333333333,2019,"NO"
"742","Oct61",0.0415483870967742,2019,"NO"
"743","Nov61",0.0513333333333333,2019,"NO"
"744","Dec61",0.060258064516129,2019,"NO"
"745","Jan62",0.0627741935483871,2020,"NO"
"746","Feb62",0.0444137931034483,2020,"NO"
"747","Mar62",0.0276451612903226,2020,"NO"
"748","Apr62",0.0209,2020,"NO"
"749","May62",0.0168709677419355,2020,"NO"
"750","June62",0.0172333333333333,2020,"NO"
"751","July62",0.0188709677419355,2020,"NO"
"752","Aug62",0.0226774193548387,2020,"NO"
"753","Sep62",0.0332666666666667,2020,"NO"
"754","Oct62",0.0334516129032258,2020,"NO"
"755","Nov62",0.058,2020,"NO"
"756","Dec62",0.0786129032258065,2020,"NO"
"757","Jan63",0.0567096774193548,2021,"NO"
"758","Feb63",0.0465714285714286,2021,"NO"
"759","Mar63",0.0310645161290323,2021,"NO"
"760","Apr63",0.0250666666666667,2021,"NO"
"761","May63",0.0190645161290323,2021,"NO"
"762","June63",0.0222333333333333,2021,"NO"
"763","July63",0.0216774193548387,2021,"NO"
"764","Aug63",0.0235483870967742,2021,"NO"
"765","Sep63",0.0269333333333333,2021,"NO"
"766","Oct63",0.0426774193548387,2021,"NO"
"767","Nov63",0.0618,2021,"NO"
"768","Dec63",0.0591612903225806,2021,"NO"
"769","Jan64",0.069258064516129,2022,"NO"
"770","Feb64",0.0670357142857143,2022,"NO"
"771","Mar64",0.0388064516129032,2022,"NO"
"772","Apr64",0.0256666666666667,2022,"NO"
"773","May64",0.02,2022,"NO"
"774","June64",0.0219666666666667,2022,"NO"
"775","July64",0.0206451612903226,2022,"NO"
"776","Aug64",0.0288064516129032,2022,"NO"
"777","Sep64",0.0264666666666667,2022,"NO"
"778","Oct64",0.0312903225806452,2022,"NO"
"779","Nov64",0.0478823529411765,2022,"NO"
"780","Dec64",NA,2022,"NO"
"781","Jan65",0.0057741935483871,2010,"SO2"
"782","Feb65",0.00396428571428571,2010,"SO2"
"783","Mar65",0.00296774193548387,2010,"SO2"
"784","Apr65",0.00273333333333333,2010,"SO2"
"785","May65",0.00316129032258065,2010,"SO2"
"786","June65",0.0028,2010,"SO2"
"787","July65",0.00348387096774194,2010,"SO2"
"788","Aug65",0.00487096774193548,2010,"SO2"
"789","Sep65",0.00316666666666667,2010,"SO2"
"790","Oct65",0.00270967741935484,2010,"SO2"
"791","Nov65",0.00276666666666667,2010,"SO2"
"792","Dec65",0.00532258064516129,2010,"SO2"
"793","Jan66",0.00354838709677419,2011,"SO2"
"794","Feb66",0.00335714285714286,2011,"SO2"
"795","Mar66",0.003,2011,"SO2"
"796","Apr66",0.0058,2011,"SO2"
"797","May66",0.00364516129032258,2011,"SO2"
"798","June66",0.00376666666666667,2011,"SO2"
"799","July66",0.0037741935483871,2011,"SO2"
"800","Aug66",0.0037741935483871,2011,"SO2"
"801","Sep66",0.0044,2011,"SO2"
"802","Oct66",0.00448387096774194,2011,"SO2"
"803","Nov66",0.0037,2011,"SO2"
"804","Dec66",0.00361290322580645,2011,"SO2"
"805","Jan67",0.00445161290322581,2012,"SO2"
"806","Feb67",0.00427586206896552,2012,"SO2"
"807","Mar67",0.00432258064516129,2012,"SO2"
"808","Apr67",0.00476666666666667,2012,"SO2"
"809","May67",0.004,2012,"SO2"
"810","June67",0.00206666666666667,2012,"SO2"
"811","July67",0.00203225806451613,2012,"SO2"
"812","Aug67",0.00238709677419355,2012,"SO2"
"813","Sep67",0.00463333333333333,2012,"SO2"
"814","Oct67",0.00225806451612903,2012,"SO2"
"815","Nov67",0.00206666666666667,2012,"SO2"
"816","Dec67",0.00206451612903226,2012,"SO2"
"817","Jan68",0.00874193548387097,2013,"SO2"
"818","Feb68",0.00553571428571429,2013,"SO2"
"819","Mar68",0.00209677419354839,2013,"SO2"
"820","Apr68",0.00266666666666667,2013,"SO2"
"821","May68",0.00393548387096774,2013,"SO2"
"822","June68",0.00316666666666667,2013,"SO2"
"823","July68",0.00348387096774194,2013,"SO2"
"824","Aug68",0.0022258064516129,2013,"SO2"
"825","Sep68",0.00253333333333333,2013,"SO2"
"826","Oct68",0.00251612903225806,2013,"SO2"
"827","Nov68",0.00213333333333333,2013,"SO2"
"828","Dec68",0.00232258064516129,2013,"SO2"
"829","Jan69",0.00270967741935484,2014,"SO2"
"830","Feb69",0.002,2014,"SO2"
"831","Mar69",0.00203225806451613,2014,"SO2"
"832","Apr69",0.00256666666666667,2014,"SO2"
"833","May69",0.00232258064516129,2014,"SO2"
"834","June69",0.00223333333333333,2014,"SO2"
"835","July69",0.00251612903225806,2014,"SO2"
"836","Aug69",0.00206451612903226,2014,"SO2"
"837","Sep69",0.00246666666666667,2014,"SO2"
"838","Oct69",0.00183870967741935,2014,"SO2"
"839","Nov69",0.00203333333333333,2014,"SO2"
"840","Dec69",0.00238709677419355,2014,"SO2"
"841","Jan70",0.00238709677419355,2015,"SO2"
"842","Feb70",0.00217857142857143,2015,"SO2"
"843","Mar70",0.00264516129032258,2015,"SO2"
"844","Apr70",0.0027,2015,"SO2"
"845","May70",0.00219354838709677,2015,"SO2"
"846","June70",0.0028,2015,"SO2"
"847","July70",0.00274193548387097,2015,"SO2"
"848","Aug70",0.00183870967741935,2015,"SO2"
"849","Sep70",0.0028,2015,"SO2"
"850","Oct70",0.00180645161290323,2015,"SO2"
"851","Nov70",0.00223333333333333,2015,"SO2"
"852","Dec70",0.00370967741935484,2015,"SO2"
"853","Jan71",0.00251612903225806,2016,"SO2"
"854","Feb71",0.00348275862068966,2016,"SO2"
"855","Mar71",0.0057741935483871,2016,"SO2"
"856","Apr71",0.00296666666666667,2016,"SO2"
"857","May71",0.0022258064516129,2016,"SO2"
"858","June71",0.00306666666666667,2016,"SO2"
"859","July71",0.00287096774193548,2016,"SO2"
"860","Aug71",0.00287096774193548,2016,"SO2"
"861","Sep71",0.00303333333333333,2016,"SO2"
"862","Oct71",0.00290322580645161,2016,"SO2"
"863","Nov71",0.00243333333333333,2016,"SO2"
"864","Dec71",0.00254838709677419,2016,"SO2"
"865","Jan72",0.00158064516129032,2017,"SO2"
"866","Feb72",0.00275,2017,"SO2"
"867","Mar72",0.00187096774193548,2017,"SO2"
"868","Apr72",0.0023,2017,"SO2"
"869","May72",0.00216129032258065,2017,"SO2"
"870","June72",0.00333333333333333,2017,"SO2"
"871","July72",0.00287096774193548,2017,"SO2"
"872","Aug72",0.00274193548387097,2017,"SO2"
"873","Sep72",0.0026,2017,"SO2"
"874","Oct72",0.00293548387096774,2017,"SO2"
"875","Nov72",0.0025,2017,"SO2"
"876","Dec72",0.002,2017,"SO2"
"877","Jan73",0.00167741935483871,2018,"SO2"
"878","Feb73",0.00171428571428571,2018,"SO2"
"879","Mar73",0.00154838709677419,2018,"SO2"
"880","Apr73",0.00163333333333333,2018,"SO2"
"881","May73",0.002,2018,"SO2"
"882","June73",0.00203333333333333,2018,"SO2"
"883","July73",0.00219354838709677,2018,"SO2"
"884","Aug73",0.002,2018,"SO2"
"885","Sep73",0.0024,2018,"SO2"
"886","Oct73",0.00167741935483871,2018,"SO2"
"887","Nov73",0.0023,2018,"SO2"
"888","Dec73",0.0012258064516129,2018,"SO2"
"889","Jan74",0.00125806451612903,2019,"SO2"
"890","Feb74",0.00110714285714286,2019,"SO2"
"891","Mar74",0.00148387096774194,2019,"SO2"
"892","Apr74",0.0019,2019,"SO2"
"893","May74",0.00203225806451613,2019,"SO2"
"894","June74",0.0021,2019,"SO2"
"895","July74",0.00203225806451613,2019,"SO2"
"896","Aug74",0.00241935483870968,2019,"SO2"
"897","Sep74",0.00303333333333333,2019,"SO2"
"898","Oct74",0.003,2019,"SO2"
"899","Nov74",0.00266666666666667,2019,"SO2"
"900","Dec74",0.00238709677419355,2019,"SO2"
"901","Jan75",0.0022258064516129,2020,"SO2"
"902","Feb75",0.00203448275862069,2020,"SO2"
"903","Mar75",0.00196774193548387,2020,"SO2"
"904","Apr75",0.00136666666666667,2020,"SO2"
"905","May75",0.00145161290322581,2020,"SO2"
"906","June75",0.00163333333333333,2020,"SO2"
"907","July75",0.002,2020,"SO2"
"908","Aug75",0.00206451612903226,2020,"SO2"
"909","Sep75",0.00213333333333333,2020,"SO2"
"910","Oct75",0.00209677419354839,2020,"SO2"
"911","Nov75",0.00206666666666667,2020,"SO2"
"912","Dec75",0.00238709677419355,2020,"SO2"
"913","Jan76",0.00196774193548387,2021,"SO2"
"914","Feb76",0.00207142857142857,2021,"SO2"
"915","Mar76",0.00209677419354839,2021,"SO2"
"916","Apr76",0.0034,2021,"SO2"
"917","May76",0.00354838709677419,2021,"SO2"
"918","June76",0.00413333333333333,2021,"SO2"
"919","July76",0.00161290322580645,2021,"SO2"
"920","Aug76",0.00203225806451613,2021,"SO2"
"921","Sep76",0.00183333333333333,2021,"SO2"
"922","Oct76",0.00145161290322581,2021,"SO2"
"923","Nov76",0.00193333333333333,2021,"SO2"
"924","Dec76",0.00151612903225806,2021,"SO2"
"925","Jan77",0.00212903225806452,2022,"SO2"
"926","Feb77",0.00225,2022,"SO2"
"927","Mar77",0.00167741935483871,2022,"SO2"
"928","Apr77",0.00156666666666667,2022,"SO2"
"929","May77",0.00196774193548387,2022,"SO2"
"930","June77",0.0019,2022,"SO2"
"931","July77",0.00167741935483871,2022,"SO2"
"932","Aug77",0.00187096774193548,2022,"SO2"
"933","Sep77",0.00216666666666667,2022,"SO2"
"934","Oct77",0.00212903225806452,2022,"SO2"
"935","Nov77",0.00205882352941176,2022,"SO2"
"936","Dec77",NA,2022,"SO2"
"937","Jan78",35.0193548387097,2010,"PM25"
"938","Feb78",30.2178571428571,2010,"PM25"
"939","Mar78",26.2838709677419,2010,"PM25"
"940","Apr78",25.4966666666667,2010,"PM25"
"941","May78",21.5129032258065,2010,"PM25"
"942","June78",30.6933333333333,2010,"PM25"
"943","July78",32.7096774193548,2010,"PM25"
"944","Aug78",31.1387096774194,2010,"PM25"
"945","Sep78",32.0733333333333,2010,"PM25"
"946","Oct78",31.0903225806452,2010,"PM25"
"947","Nov78",40.19,2010,"PM25"
"948","Dec78",38.4774193548387,2010,"PM25"
"949","Jan79",44.7645161290323,2011,"PM25"
"950","Feb79",38.4607142857143,2011,"PM25"
"951","Mar79",24.7612903225806,2011,"PM25"
"952","Apr79",26.3,2011,"PM25"
"953","May79",24.9806451612903,2011,"PM25"
"954","June79",28.1666666666667,2011,"PM25"
"955","July79",35.1903225806452,2011,"PM25"
"956","Aug79",31.9870967741935,2011,"PM25"
"957","Sep79",37.4266666666667,2011,"PM25"
"958","Oct79",39.8161290322581,2011,"PM25"
"959","Nov79",44.88,2011,"PM25"
"960","Dec79",68.7225806451613,2011,"PM25"
"961","Jan80",71.641935483871,2012,"PM25"
"962","Feb80",38.1965517241379,2012,"PM25"
"963","Mar80",40.2741935483871,2012,"PM25"
"964","Apr80",28.6366666666667,2012,"PM25"
"965","May80",34.8,2012,"PM25"
"966","June80",30.03,2012,"PM25"
"967","July80",35.4322580645161,2012,"PM25"
"968","Aug80",65.3838709677419,2012,"PM25"
"969","Sep80",28.2866666666667,2012,"PM25"
"970","Oct80",30.458064516129,2012,"PM25"
"971","Nov80",44.0366666666667,2012,"PM25"
"972","Dec80",42.6064516129032,2012,"PM25"
"973","Jan81",46.6,2013,"PM25"
"974","Feb81",51.2785714285714,2013,"PM25"
"975","Mar81",35.2774193548387,2013,"PM25"
"976","Apr81",39.0466666666667,2013,"PM25"
"977","May81",40.3774193548387,2013,"PM25"
"978","June81",30.4066666666667,2013,"PM25"
"979","July81",29.0096774193548,2013,"PM25"
"980","Aug81",47.0903225806452,2013,"PM25"
"981","Sep81",26.9966666666667,2013,"PM25"
"982","Oct81",34.7225806451613,2013,"PM25"
"983","Nov81",46.42,2013,"PM25"
"984","Dec81",65.8387096774194,2013,"PM25"
"985","Jan82",63.6806451612903,2014,"PM25"
"986","Feb82",40.6142857142857,2014,"PM25"
"987","Mar82",28.9032258064516,2014,"PM25"
"988","Apr82",41.1266666666667,2014,"PM25"
"989","May82",63.6032258064516,2014,"PM25"
"990","June82",34.1033333333333,2014,"PM25"
"991","July82",38.9516129032258,2014,"PM25"
"992","Aug82",30.7096774193548,2014,"PM25"
"993","Sep82",62.36,2014,"PM25"
"994","Oct82",27.8193548387097,2014,"PM25"
"995","Nov82",57.9333333333333,2014,"PM25"
"996","Dec82",50.2322580645161,2014,"PM25"
"997","Jan83",60.9741935483871,2015,"PM25"
"998","Feb83",42.4714285714286,2015,"PM25"
"999","Mar83",29.7548387096774,2015,"PM25"
"1000","Apr83",34.1,2015,"PM25"
"1001","May83",39.6612903225806,2015,"PM25"
"1002","June83",32.44,2015,"PM25"
"1003","July83",28.9516129032258,2015,"PM25"
"1004","Aug83",115.377419354839,2015,"PM25"
"1005","Sep83",54.8033333333333,2015,"PM25"
"1006","Oct83",23.1483870967742,2015,"PM25"
"1007","Nov83",47.4,2015,"PM25"
"1008","Dec83",43.7387096774194,2015,"PM25"
"1009","Jan84",41.6322580645161,2016,"PM25"
"1010","Feb84",34.5310344827586,2016,"PM25"
"1011","Mar84",39.7709677419355,2016,"PM25"
"1012","Apr84",28.83,2016,"PM25"
"1013","May84",40.3838709677419,2016,"PM25"
"1014","June84",37.18,2016,"PM25"
"1015","July84",41.3096774193548,2016,"PM25"
"1016","Aug84",36.9935483870968,2016,"PM25"
"1017","Sep84",35.99,2016,"PM25"
"1018","Oct84",25.9935483870968,2016,"PM25"
"1019","Nov84",42.82,2016,"PM25"
"1020","Dec84",55.558064516129,2016,"PM25"
"1021","Jan85",34.2225806451613,2017,"PM25"
"1022","Feb85",33.2178571428571,2017,"PM25"
"1023","Mar85",37.5709677419355,2017,"PM25"
"1024","Apr85",21.0366666666667,2017,"PM25"
"1025","May85",28.4322580645161,2017,"PM25"
"1026","June85",28.0466666666667,2017,"PM25"
"1027","July85",41.3258064516129,2017,"PM25"
"1028","Aug85",63.2677419354839,2017,"PM25"
"1029","Sep85",79.34,2017,"PM25"
"1030","Oct85",58.9612903225806,2017,"PM25"
"1031","Nov85",43.36,2017,"PM25"
"1032","Dec85",136.116129032258,2017,"PM25"
"1033","Jan86",63.5225806451613,2018,"PM25"
"1034","Feb86",40.2428571428571,2018,"PM25"
"1035","Mar86",26.0806451612903,2018,"PM25"
"1036","Apr86",31.32,2018,"PM25"
"1037","May86",27.7225806451613,2018,"PM25"
"1038","June86",27.0133333333333,2018,"PM25"
"1039","July86",91.4935483870968,2018,"PM25"
"1040","Aug86",94.2096774193548,2018,"PM25"
"1041","Sep86",32.2333333333333,2018,"PM25"
"1042","Oct86",24.0516129032258,2018,"PM25"
"1043","Nov86",110.086666666667,2018,"PM25"
"1044","Dec86",38.658064516129,2018,"PM25"
"1045","Jan87",39.0645161290323,2019,"PM25"
"1046","Feb87",25.05,2019,"PM25"
"1047","Mar87",21.6387096774194,2019,"PM25"
"1048","Apr87",21.1233333333333,2019,"PM25"
"1049","May87",17.1193548387097,2019,"PM25"
"1050","June87",19.9433333333333,2019,"PM25"
"1051","July87",29.2451612903226,2019,"PM25"
"1052","Aug87",17.8032258064516,2019,"PM25"
"1053","Sep87",20.1066666666667,2019,"PM25"
"1054","Oct87",36.5451612903226,2019,"PM25"
"1055","Nov87",37.5566666666667,2019,"PM25"
"1056","Dec87",35.2387096774194,2019,"PM25"
"1057","Jan88",34.5322580645161,2020,"PM25"
"1058","Feb88",28.8689655172414,2020,"PM25"
"1059","Mar88",16.6612903225806,2020,"PM25"
"1060","Apr88",16.59,2020,"PM25"
"1061","May88",18.0516129032258,2020,"PM25"
"1062","June88",20.0166666666667,2020,"PM25"
"1063","July88",28.3,2020,"PM25"
"1064","Aug88",113.251612903226,2020,"PM25"
"1065","Sep88",294.8,2020,"PM25"
"1066","Oct88",170.477419354839,2020,"PM25"
"1067","Nov88",45.86,2020,"PM25"
"1068","Dec88",56.3387096774194,2020,"PM25"
"1069","Jan89",49.3387096774194,2021,"PM25"
"1070","Feb89",35.5714285714286,2021,"PM25"
"1071","Mar89",24.8741935483871,2021,"PM25"
"1072","Apr89",20.9366666666667,2021,"PM25"
"1073","May89",22.8806451612903,2021,"PM25"
"1074","June89",22.48,2021,"PM25"
"1075","July89",84.6548387096774,2021,"PM25"
"1076","Aug89",314.632258064516,2021,"PM25"
"1077","Sep89",118.136666666667,2021,"PM25"
"1078","Oct89",60.1483870967742,2021,"PM25"
"1079","Nov89",48.9166666666667,2021,"PM25"
"1080","Dec89",48.0354838709677,2021,"PM25"
"1081","Jan90",51.8967741935484,2022,"PM25"
"1082","Feb90",38.3857142857143,2022,"PM25"
"1083","Mar90",35.1290322580645,2022,"PM25"
"1084","Apr90",26.9433333333333,2022,"PM25"
"1085","May90",23.6967741935484,2022,"PM25"
"1086","June90",24.6333333333333,2022,"PM25"
"1087","July90",36.7806451612903,2022,"PM25"
"1088","Aug90",36.7645161290323,2022,"PM25"
"1089","Sep90",97.53,2022,"PM25"
"1090","Oct90",23.358064516129,2022,"PM25"
"1091","Nov90",30.1117647058824,2022,"PM25"
"1092","Dec90",NA,2022,"PM25"
